,split0_test_score,split1_test_score,split2_test_score,split3_test_score,split4_test_score,mean_test_score,std_test_score,rank_test_score,mean_fit_time,std_fit_time,mean_score_time,std_score_time,param_colsample_bylevel,param_colsample_bytree,param_gamma,param_learning_rate,param_max_delta_step,param_max_depth,param_min_child_weight,param_n_estimators,param_reg_alpha,param_reg_lambda,param_scale_pos_weight,param_subsample,params
0,-0.6032645227015094,-0.36997838991147836,0.036727887433957385,-0.4068448951524235,-0.3373913701023805,-0.33516483686647547,0.2107685280373952,1,0.014890575408935547,0.005796791888019489,0.0013407230377197265,0.00010019489089065425,0.927521429885126,0.5785301747890208,3.4007358607182846e-08,0.09908896925302926,4,5,2,61,5.000602622085619e-07,0.30739212203894617,0.11522039032902583,0.5890900349534852,"{'colsample_bylevel': 0.927521429885126, 'colsample_bytree': 0.5785301747890208, 'gamma': 3.4007358607182846e-08, 'learning_rate': 0.09908896925302926, 'max_delta_step': 4, 'max_depth': 5, 'min_child_weight': 2, 'n_estimators': 61, 'reg_alpha': 5.000602622085619e-07, 'reg_lambda': 0.30739212203894617, 'scale_pos_weight': 0.11522039032902583, 'subsample': 0.5890900349534852}"
1,-5.988521524709648,-4.638650968134733,-4.215102572518049,-8.12260140663163,-7.210536927578898,-5.9903844199915595,1.4766394945757253,1,0.006414794921875,0.00010783897676291504,0.001100301742553711,7.182962641595172e-05,0.5163015795520275,0.1852222330364833,4.254109626245851e-06,0.0156624682240151,6,1,3,88,2.9905520537880553e-05,16.354121536984227,141.0220599805859,0.6686139069160301,"{'colsample_bylevel': 0.5163015795520275, 'colsample_bytree': 0.1852222330364833, 'gamma': 4.254109626245851e-06, 'learning_rate': 0.0156624682240151, 'max_delta_step': 6, 'max_depth': 1, 'min_child_weight': 3, 'n_estimators': 88, 'reg_alpha': 2.9905520537880553e-05, 'reg_lambda': 16.354121536984227, 'scale_pos_weight': 141.0220599805859, 'subsample': 0.6686139069160301}"
2,-0.32064146730841636,-0.28869227611593296,-0.2232735028980346,-0.8786395726228552,-0.10789353156397574,-0.36028181032125195,0.26264043860893577,1,0.01560225486755371,0.002743684530927274,0.0012936592102050781,3.728518994222056e-05,0.42264338361926546,0.3781933091007664,1.215821046589251e-06,0.10510995996141595,10,8,1,91,4.060269101977162e-05,0.0023437289716698923,0.9098963995851657,0.291388029292557,"{'colsample_bylevel': 0.42264338361926546, 'colsample_bytree': 0.3781933091007664, 'gamma': 1.215821046589251e-06, 'learning_rate': 0.10510995996141595, 'max_delta_step': 10, 'max_depth': 8, 'min_child_weight': 1, 'n_estimators': 91, 'reg_alpha': 4.060269101977162e-05, 'reg_lambda': 0.0023437289716698923, 'scale_pos_weight': 0.9098963995851657, 'subsample': 0.291388029292557}"
3,-0.7269434985024925,-0.8235246205290814,-0.77587136706934,-0.8127670299151863,-1.3050753084111588,-0.8841765072340075,0.20784394523566307,1,0.00847640037536621,0.00012564913368910008,0.0011195659637451172,5.1623078734025725e-05,0.6978776922773136,0.3610560428953944,0.44596135364838446,0.32224721257727224,0,28,4,77,0.00274836366497419,5.274691974139639e-05,0.00013613064130270976,0.3973163329120242,"{'colsample_bylevel': 0.6978776922773136, 'colsample_bytree': 0.3610560428953944, 'gamma': 0.44596135364838446, 'learning_rate': 0.32224721257727224, 'max_delta_step': 0, 'max_depth': 28, 'min_child_weight': 4, 'n_estimators': 77, 'reg_alpha': 0.00274836366497419, 'reg_lambda': 5.274691974139639e-05, 'scale_pos_weight': 0.00013613064130270976, 'subsample': 0.3973163329120242}"
4,-0.7464231229246605,-0.7351557334986956,-0.5948229479769089,-1.485783124865314,-0.9441703432380271,-0.8926763783486406,0.30934692344938236,1,0.07675280570983886,0.007591828108997318,0.0011791706085205079,4.102418269560934e-05,0.4501578445294471,0.9606083514391489,0.004136249992671682,0.4983293993749604,19,10,1,97,1.4073408083905341e-06,0.00010516746093614371,0.005869830940966989,0.9040710280339742,"{'colsample_bylevel': 0.4501578445294471, 'colsample_bytree': 0.9606083514391489, 'gamma': 0.004136249992671682, 'learning_rate': 0.4983293993749604, 'max_delta_step': 19, 'max_depth': 10, 'min_child_weight': 1, 'n_estimators': 97, 'reg_alpha': 1.4073408083905341e-06, 'reg_lambda': 0.00010516746093614371, 'scale_pos_weight': 0.005869830940966989, 'subsample': 0.9040710280339742}"
5,-0.8209798215833484,-0.6982111457978166,-0.23912047054048413,-0.2133237691500678,-0.6311512540553461,-0.5232509848452128,0.248489074463234,1,0.01632966995239258,0.0028714028677366992,0.0013353824615478516,0.00020307346386773834,0.3535746849743077,0.7799365348740366,1.4603280003769385e-05,0.11087108142980437,11,6,5,52,0.0020311729721466773,3.384400528529952e-09,0.6070687821761889,0.9902270484056769,"{'colsample_bylevel': 0.3535746849743077, 'colsample_bytree': 0.7799365348740366, 'gamma': 1.4603280003769385e-05, 'learning_rate': 0.11087108142980437, 'max_delta_step': 11, 'max_depth': 6, 'min_child_weight': 5, 'n_estimators': 52, 'reg_alpha': 0.0020311729721466773, 'reg_lambda': 3.384400528529952e-09, 'scale_pos_weight': 0.6070687821761889, 'subsample': 0.9902270484056769}"
6,-10.726963784636117,-9.025408975111766,-7.827224437833632,-14.327352016262754,-12.083880842732679,-10.732208465611764,2.271958054324303,1,0.005010795593261719,0.00012719182280937206,0.0011636734008789063,0.0001508635001704154,0.16659142312920158,0.16149983086506278,2.2717146344175544e-08,0.011740846276159258,13,40,3,58,2.289623359576519e-06,0.2075676370454766,0.020441352291767925,0.6960253510473343,"{'colsample_bylevel': 0.16659142312920158, 'colsample_bytree': 0.16149983086506278, 'gamma': 2.2717146344175544e-08, 'learning_rate': 0.011740846276159258, 'max_delta_step': 13, 'max_depth': 40, 'min_child_weight': 3, 'n_estimators': 58, 'reg_alpha': 2.289623359576519e-06, 'reg_lambda': 0.2075676370454766, 'scale_pos_weight': 0.020441352291767925, 'subsample': 0.6960253510473343}"
7,-0.7026396185386816,-0.3986940168575239,-0.2511472392740497,-0.43549065663165587,-0.8160395046731586,-0.5179265120317976,0.20713095165780862,1,0.012670326232910156,0.0016940608517037445,0.001217031478881836,0.0001062994629207852,0.7689257960705873,0.5794456994889997,2.0603888911789444e-05,0.10775316615411698,13,46,3,94,0.3723589649941055,0.024331341567320218,5.772553028917062,0.3370901571273661,"{'colsample_bylevel': 0.7689257960705873, 'colsample_bytree': 0.5794456994889997, 'gamma': 2.0603888911789444e-05, 'learning_rate': 0.10775316615411698, 'max_delta_step': 13, 'max_depth': 46, 'min_child_weight': 3, 'n_estimators': 94, 'reg_alpha': 0.3723589649941055, 'reg_lambda': 0.024331341567320218, 'scale_pos_weight': 5.772553028917062, 'subsample': 0.3370901571273661}"
8,-44.47713867686711,-129.44260782745425,-288.7071881637612,-43.91268857879064,-80.7328247509199,-118.96494803612583,91.88909070614284,1,0.006783676147460937,0.00021237276759598838,0.001138162612915039,5.6686974146479044e-05,0.2741225832646775,0.9267228660206019,2.3298096733880702e-06,0.982588108460966,19,6,4,63,7.610249026123555e-08,4.0602929283804123e-07,4.774065287764013,0.16765413906410262,"{'colsample_bylevel': 0.2741225832646775, 'colsample_bytree': 0.9267228660206019, 'gamma': 2.3298096733880702e-06, 'learning_rate': 0.982588108460966, 'max_delta_step': 19, 'max_depth': 6, 'min_child_weight': 4, 'n_estimators': 63, 'reg_alpha': 7.610249026123555e-08, 'reg_lambda': 4.0602929283804123e-07, 'scale_pos_weight': 4.774065287764013, 'subsample': 0.16765413906410262}"
9,-0.4583936679666958,-0.647055545462754,-0.24669730289373384,-0.2318907326053592,-0.9416917073965505,-0.5029089302037602,0.2630120692147013,1,0.010684442520141602,0.0008969903086513306,0.0012311458587646485,8.566527852410463e-05,0.029917017369800604,0.14009536313570356,3.315898027382247e-09,0.17991078067020358,16,17,2,96,0.045559734799903426,1.4186353490606378,9.910257042857574e-05,0.5807539004708683,"{'colsample_bylevel': 0.029917017369800604, 'colsample_bytree': 0.14009536313570356, 'gamma': 3.315898027382247e-09, 'learning_rate': 0.17991078067020358, 'max_delta_step': 16, 'max_depth': 17, 'min_child_weight': 2, 'n_estimators': 96, 'reg_alpha': 0.045559734799903426, 'reg_lambda': 1.4186353490606378, 'scale_pos_weight': 9.910257042857574e-05, 'subsample': 0.5807539004708683}"
10,-0.18549844794591963,-0.6326025435406899,-0.1623192710475525,-0.7826200802695462,-1.2517655142880444,-0.5916123597509411,0.40333413223464953,1,0.01526188850402832,0.001118294500893347,0.0013324260711669923,0.00015610119226824976,0.4674398816603781,0.3212605070259107,1.5080573837735087e-08,0.023391944144808663,15,28,2,98,0.0070773863634544945,0.24838044830720607,4.73254017673836e-06,0.9695924231316613,"{'colsample_bylevel': 0.4674398816603781, 'colsample_bytree': 0.3212605070259107, 'gamma': 1.5080573837735087e-08, 'learning_rate': 0.023391944144808663, 'max_delta_step': 15, 'max_depth': 28, 'min_child_weight': 2, 'n_estimators': 98, 'reg_alpha': 0.0070773863634544945, 'reg_lambda': 0.24838044830720607, 'scale_pos_weight': 4.73254017673836e-06, 'subsample': 0.9695924231316613}"
11,-0.5607631149017624,-0.45599565808439446,-0.03598891523561809,-0.35248745074931076,-0.33547364173005767,-0.3482557618909285,0.17814515070513498,1,0.012410306930541992,0.00018747582852568582,0.0013084888458251953,0.00014538321577438579,0.9280284390612988,0.5878504143942144,4.301804554371537e-08,0.10272443422818933,4,5,2,62,5.130859360364734e-07,0.28608680301830497,0.10591200940323246,0.5986645973469958,"{'colsample_bylevel': 0.9280284390612988, 'colsample_bytree': 0.5878504143942144, 'gamma': 4.301804554371537e-08, 'learning_rate': 0.10272443422818933, 'max_delta_step': 4, 'max_depth': 5, 'min_child_weight': 2, 'n_estimators': 62, 'reg_alpha': 5.130859360364734e-07, 'reg_lambda': 0.28608680301830497, 'scale_pos_weight': 0.10591200940323246, 'subsample': 0.5986645973469958}"
12,-43.29057487003617,-37.381461889068625,-31.5741075881269,-55.213459241185404,-41.5023956911233,-41.61252238713421,7.77445688365817,1,0.005834197998046875,7.034836627749538e-05,0.0012234687805175782,8.885750093074268e-05,1.0,0.01,0.49999999999999994,0.01,0,50,5,100,1e-09,1000.0,1e-06,0.01,"{'colsample_bylevel': 1.0, 'colsample_bytree': 0.01, 'gamma': 0.49999999999999994, 'learning_rate': 0.01, 'max_delta_step': 0, 'max_depth': 50, 'min_child_weight': 5, 'n_estimators': 100, 'reg_alpha': 1e-09, 'reg_lambda': 1000.0, 'scale_pos_weight': 1e-06, 'subsample': 0.01}"
13,-1.317605239112659,-0.6565841159489334,-0.6492101607421186,-0.6551574928423982,-0.3831527308259879,-0.7381826831289461,0.31221099082667436,1,0.011750888824462891,0.000337190547268464,0.0013889789581298829,0.00014245635993752388,0.832859259672592,0.623551908078216,4.4358411064894794e-05,0.13412151863172014,13,46,3,98,1.0,0.022502834546331365,9.475400499806527,0.30775469628436786,"{'colsample_bylevel': 0.832859259672592, 'colsample_bytree': 0.623551908078216, 'gamma': 4.4358411064894794e-05, 'learning_rate': 0.13412151863172014, 'max_delta_step': 13, 'max_depth': 46, 'min_child_weight': 3, 'n_estimators': 98, 'reg_alpha': 1.0, 'reg_lambda': 0.022502834546331365, 'scale_pos_weight': 9.475400499806527, 'subsample': 0.30775469628436786}"
14,-38.46980885521004,-33.0724188157652,-27.9452892424092,-49.525650980449605,-37.48554894200563,-37.129719898837536,7.111797605463924,1,0.004273509979248047,0.0003815796395742211,0.0024829387664794924,0.0024018183023142665,0.8914736143883233,0.03503681614015625,1e-09,0.010023778148226452,4,11,2,50,1.5592320035553623e-07,3.602698695892696,46.38173341961118,0.01985638920169573,"{'colsample_bylevel': 0.8914736143883233, 'colsample_bytree': 0.03503681614015625, 'gamma': 1e-09, 'learning_rate': 0.010023778148226452, 'max_delta_step': 4, 'max_depth': 11, 'min_child_weight': 2, 'n_estimators': 50, 'reg_alpha': 1.5592320035553623e-07, 'reg_lambda': 3.602698695892696, 'scale_pos_weight': 46.38173341961118, 'subsample': 0.01985638920169573}"
15,-1.1633221898370958,-1.1335243940257143,-0.814200698463898,-1.8211123336893325,-2.2685928178784645,-1.423583306258216,0.5241724513992859,1,0.0070778846740722655,9.316980768422837e-05,0.0020565509796142576,0.0013920598513303146,0.18405122253397893,0.0960728725602354,9.003317222762798e-06,0.02387035003414747,13,46,3,70,4.229944745254883e-05,2.7903085806458835e-05,4.447858525545958e-06,0.39512387317688463,"{'colsample_bylevel': 0.18405122253397893, 'colsample_bytree': 0.0960728725602354, 'gamma': 9.003317222762798e-06, 'learning_rate': 0.02387035003414747, 'max_delta_step': 13, 'max_depth': 46, 'min_child_weight': 3, 'n_estimators': 70, 'reg_alpha': 4.229944745254883e-05, 'reg_lambda': 2.7903085806458835e-05, 'scale_pos_weight': 4.447858525545958e-06, 'subsample': 0.39512387317688463}"
16,-0.25939381814368234,-0.25430736667410514,0.12109842924766479,-0.7090902272562394,-0.6561078587064204,-0.34249061009628873,0.30300904617771,1,0.01980929374694824,0.006362124019462598,0.001297760009765625,4.543770246545383e-05,0.9455569288395093,0.9827807282185663,1.7928108683531128e-07,0.05941927597589274,11,46,3,70,0.0005445374717437634,6.20159971976635,66.94940395947516,0.9823375145398959,"{'colsample_bylevel': 0.9455569288395093, 'colsample_bytree': 0.9827807282185663, 'gamma': 1.7928108683531128e-07, 'learning_rate': 0.05941927597589274, 'max_delta_step': 11, 'max_depth': 46, 'min_child_weight': 3, 'n_estimators': 70, 'reg_alpha': 0.0005445374717437634, 'reg_lambda': 6.20159971976635, 'scale_pos_weight': 66.94940395947516, 'subsample': 0.9823375145398959}"
17,-0.4763321838926917,-0.9548884858386197,-0.10338398911027637,-0.2582286084003771,-0.5990587198607822,-0.4797409928531514,0.296037361240037,1,0.008565759658813477,0.0022415849284044085,0.0014168739318847657,0.00010700478695280256,0.2894825649774971,0.15554347678508895,0.0516955352612248,0.6229038167858764,13,46,2,66,0.027047524272483,44.43884962884899,0.001339224283873639,0.8249831684739646,"{'colsample_bylevel': 0.2894825649774971, 'colsample_bytree': 0.15554347678508895, 'gamma': 0.0516955352612248, 'learning_rate': 0.6229038167858764, 'max_delta_step': 13, 'max_depth': 46, 'min_child_weight': 2, 'n_estimators': 66, 'reg_alpha': 0.027047524272483, 'reg_lambda': 44.43884962884899, 'scale_pos_weight': 0.001339224283873639, 'subsample': 0.8249831684739646}"
18,-0.3069617056133347,-0.4330756076351945,0.08467726865178071,-0.4365136043154854,-0.6750303219756231,-0.34783583064420204,0.24962824905259948,1,0.016844463348388673,0.006969976309852582,0.0016097068786621095,0.0003444611893681904,0.6068711290523089,0.8436167148735858,2.1645105637153657e-09,0.06394217868872117,13,46,0,56,1.1179952302559271e-05,1.149458076763985,0.0011354755629926568,0.31626598558542324,"{'colsample_bylevel': 0.6068711290523089, 'colsample_bytree': 0.8436167148735858, 'gamma': 2.1645105637153657e-09, 'learning_rate': 0.06394217868872117, 'max_delta_step': 13, 'max_depth': 46, 'min_child_weight': 0, 'n_estimators': 56, 'reg_alpha': 1.1179952302559271e-05, 'reg_lambda': 1.149458076763985, 'scale_pos_weight': 0.0011354755629926568, 'subsample': 0.31626598558542324}"
19,-36.7311036972323,-31.55143952477565,-26.749051763690034,-46.90878620043858,-35.58578761685721,-35.347917235994665,6.647636161982155,1,0.005356454849243164,0.0001192029569851229,0.0012324333190917968,0.00015189156496653514,0.479507839231035,0.45227259646575124,3.3239001031450023e-08,0.010046848735975462,13,46,1,53,0.21347694094947217,315.48367461066215,0.2295465609455905,0.9783746571792722,"{'colsample_bylevel': 0.479507839231035, 'colsample_bytree': 0.45227259646575124, 'gamma': 3.3239001031450023e-08, 'learning_rate': 0.010046848735975462, 'max_delta_step': 13, 'max_depth': 46, 'min_child_weight': 1, 'n_estimators': 53, 'reg_alpha': 0.21347694094947217, 'reg_lambda': 315.48367461066215, 'scale_pos_weight': 0.2295465609455905, 'subsample': 0.9783746571792722}"
20,-1.3252666385580842,-0.8045397086231749,-0.36136593684805174,-0.41590523045274375,-0.5932802459372482,-0.7054271360260213,0.3518178684819857,1,0.008438920974731446,9.724773236634255e-05,0.0012902259826660157,0.00014384040857254885,0.671409650237322,0.329806957138787,0.11797760050703034,0.2830536079710915,0,32,4,77,0.005614093997817827,6.335803666151687e-06,6.3020095022352294e-06,0.4604447503697903,"{'colsample_bylevel': 0.671409650237322, 'colsample_bytree': 0.329806957138787, 'gamma': 0.11797760050703034, 'learning_rate': 0.2830536079710915, 'max_delta_step': 0, 'max_depth': 32, 'min_child_weight': 4, 'n_estimators': 77, 'reg_alpha': 0.005614093997817827, 'reg_lambda': 6.335803666151687e-06, 'scale_pos_weight': 6.3020095022352294e-06, 'subsample': 0.4604447503697903}"
21,-0.21287061499894389,-0.2894541751752906,-0.1426966016257818,-0.3225927644749189,-0.4331455427216726,-0.2774747558596236,0.0982728718265512,1,0.012767362594604491,0.0011193755731795393,0.0014489173889160156,0.000351471180239646,0.34193660364759243,0.3816063367674969,3.6764130419768334e-06,0.04246622483116377,13,18,3,78,0.005038553194888317,2.3873704344067765e-06,2.3825553107937018e-05,0.5243814006544347,"{'colsample_bylevel': 0.34193660364759243, 'colsample_bytree': 0.3816063367674969, 'gamma': 3.6764130419768334e-06, 'learning_rate': 0.04246622483116377, 'max_delta_step': 13, 'max_depth': 18, 'min_child_weight': 3, 'n_estimators': 78, 'reg_alpha': 0.005038553194888317, 'reg_lambda': 2.3873704344067765e-06, 'scale_pos_weight': 2.3825553107937018e-05, 'subsample': 0.5243814006544347}"
22,-0.18738643772084407,-0.17168004503948997,0.06433201639371589,-0.31775663293509937,-0.6022819821265162,-0.23700763844331355,0.21651896154367423,1,0.008542776107788086,0.004615464605876492,0.0013745784759521484,0.00011529461020802526,0.27384206821249196,0.14444655494606543,0.0001274368935670403,0.03895363553321709,13,47,3,78,8.729684888330481e-05,1.317532608917888e-06,2.9124627090243486e-06,0.13764426361689414,"{'colsample_bylevel': 0.27384206821249196, 'colsample_bytree': 0.14444655494606543, 'gamma': 0.0001274368935670403, 'learning_rate': 0.03895363553321709, 'max_delta_step': 13, 'max_depth': 47, 'min_child_weight': 3, 'n_estimators': 78, 'reg_alpha': 8.729684888330481e-05, 'reg_lambda': 1.317532608917888e-06, 'scale_pos_weight': 2.9124627090243486e-06, 'subsample': 0.13764426361689414}"
23,-0.2352000733190278,-0.374190378950918,-0.25156699751656864,-0.7828877245943923,-0.2644653428944914,-0.377771297145782,0.20344328273122744,1,0.012173604965209962,0.0004425052784638445,0.001314401626586914,8.676759327269568e-05,0.41821899851579897,0.37947222018085514,1.8208803877020483e-06,0.12290463208487973,10,5,1,94,1.9772267909153432e-05,0.0009296762821050531,0.967687836251175,0.2523591240345268,"{'colsample_bylevel': 0.41821899851579897, 'colsample_bytree': 0.37947222018085514, 'gamma': 1.8208803877020483e-06, 'learning_rate': 0.12290463208487973, 'max_delta_step': 10, 'max_depth': 5, 'min_child_weight': 1, 'n_estimators': 94, 'reg_alpha': 1.9772267909153432e-05, 'reg_lambda': 0.0009296762821050531, 'scale_pos_weight': 0.967687836251175, 'subsample': 0.2523591240345268}"
24,-0.2617646899766881,-0.6295278493856291,0.010693138447020911,-0.3448544534407616,-0.8306126377434395,-0.4063771272644967,0.2924272637246669,1,0.017304515838623045,0.0012526253358878148,0.0013715267181396485,0.00018325209955336787,0.4377227060923859,0.3454943231738979,8.443762655019685e-09,0.03363857055445835,15,28,2,94,0.018530150947539584,0.31383611946062007,1.1193554501823709e-06,1.0,"{'colsample_bylevel': 0.4377227060923859, 'colsample_bytree': 0.3454943231738979, 'gamma': 8.443762655019685e-09, 'learning_rate': 0.03363857055445835, 'max_delta_step': 15, 'max_depth': 28, 'min_child_weight': 2, 'n_estimators': 94, 'reg_alpha': 0.018530150947539584, 'reg_lambda': 0.31383611946062007, 'scale_pos_weight': 1.1193554501823709e-06, 'subsample': 1.0}"
25,-0.8434658687701961,-0.820439409953573,-0.39339318311292204,-0.628980406917772,-0.5221754413047683,-0.6435021753789854,0.17425915157405272,1,0.009499645233154297,0.00016597609003197254,0.0021141529083251952,0.0016754390802443423,0.3001808357082578,0.8457594330803961,5.532179721116991e-06,0.13458414158438198,12,3,5,50,0.006786089798745755,1e-09,1.8062993217291488,1.0,"{'colsample_bylevel': 0.3001808357082578, 'colsample_bytree': 0.8457594330803961, 'gamma': 5.532179721116991e-06, 'learning_rate': 0.13458414158438198, 'max_delta_step': 12, 'max_depth': 3, 'min_child_weight': 5, 'n_estimators': 50, 'reg_alpha': 0.006786089798745755, 'reg_lambda': 1e-09, 'scale_pos_weight': 1.8062993217291488, 'subsample': 1.0}"
26,-0.491381640569694,-0.8936567006088574,-0.3275011845389548,-0.8618570368553867,-1.5194049016808262,-0.8085720551406791,0.4088556001236242,1,0.020209789276123047,0.0020090338590059583,0.0013636112213134765,0.00016014159776301054,0.4397920656468928,0.4146266802784355,1.7058124086585024e-07,0.021476196297947354,17,30,2,100,0.0006073030128229929,0.12318077918494344,2.9878898689226356e-05,1.0,"{'colsample_bylevel': 0.4397920656468928, 'colsample_bytree': 0.4146266802784355, 'gamma': 1.7058124086585024e-07, 'learning_rate': 0.021476196297947354, 'max_delta_step': 17, 'max_depth': 30, 'min_child_weight': 2, 'n_estimators': 100, 'reg_alpha': 0.0006073030128229929, 'reg_lambda': 0.12318077918494344, 'scale_pos_weight': 2.9878898689226356e-05, 'subsample': 1.0}"
27,-0.34477292439181717,-0.686209889524033,0.0785762547784482,-0.2211714500162718,-0.401543653536508,-0.3151247922849308,0.25189396103650846,1,0.006828594207763672,0.0002595941254579585,0.0013838768005371093,0.0001275364783625957,0.29673881914433525,0.13608093392517465,0.09206514310574813,0.5989298473464842,12,45,2,68,0.028735984796973327,69.46934326352962,0.000878096587981897,0.8499081141196548,"{'colsample_bylevel': 0.29673881914433525, 'colsample_bytree': 0.13608093392517465, 'gamma': 0.09206514310574813, 'learning_rate': 0.5989298473464842, 'max_delta_step': 12, 'max_depth': 45, 'min_child_weight': 2, 'n_estimators': 68, 'reg_alpha': 0.028735984796973327, 'reg_lambda': 69.46934326352962, 'scale_pos_weight': 0.000878096587981897, 'subsample': 0.8499081141196548}"
28,-33.71088318265813,-28.87461433047273,-24.53009803222585,-43.07942552259169,-32.84803268271895,-32.461895178831504,6.127038830049453,1,0.008226776123046875,0.00010872081704658634,0.0012652873992919922,0.00014645252030436498,0.6555535192844746,0.42825550581318944,1.1967444034737846e-09,0.022531226637215757,20,3,0,100,0.4019885285524701,1000.0,0.02473299057934487,1.0,"{'colsample_bylevel': 0.6555535192844746, 'colsample_bytree': 0.42825550581318944, 'gamma': 1.1967444034737846e-09, 'learning_rate': 0.022531226637215757, 'max_delta_step': 20, 'max_depth': 3, 'min_child_weight': 0, 'n_estimators': 100, 'reg_alpha': 0.4019885285524701, 'reg_lambda': 1000.0, 'scale_pos_weight': 0.02473299057934487, 'subsample': 1.0}"
29,-0.00466189778113435,-0.35706528080392785,-0.1673197636574002,-0.4889177738251309,-0.5411749869188722,-0.3062603121103148,0.2004238489712408,1,0.02126603126525879,0.0012005605975500453,0.001374673843383789,0.00017421475116986777,0.36743427225232456,0.34087823093411146,1.6262051301493567e-07,0.03348492266388695,16,33,2,89,0.00943643368879798,0.0054653470120323774,1e-06,0.9601305063788431,"{'colsample_bylevel': 0.36743427225232456, 'colsample_bytree': 0.34087823093411146, 'gamma': 1.6262051301493567e-07, 'learning_rate': 0.03348492266388695, 'max_delta_step': 16, 'max_depth': 33, 'min_child_weight': 2, 'n_estimators': 89, 'reg_alpha': 0.00943643368879798, 'reg_lambda': 0.0054653470120323774, 'scale_pos_weight': 1e-06, 'subsample': 0.9601305063788431}"
30,-0.9787732185806046,-0.6613143441417246,-0.639470360224716,-1.472549287392157,-1.8506253524131524,-1.105723476732603,0.4698772343898516,1,0.010097932815551759,0.0006204384306735414,0.0015557765960693359,0.00053071634252089,0.4779386674625719,0.72956054408826,0.001301875052758887,0.47698859989798803,12,41,2,92,0.04087737804805057,894.0012766746387,7.1212100908323315,0.6720044626463915,"{'colsample_bylevel': 0.4779386674625719, 'colsample_bytree': 0.72956054408826, 'gamma': 0.001301875052758887, 'learning_rate': 0.47698859989798803, 'max_delta_step': 12, 'max_depth': 41, 'min_child_weight': 2, 'n_estimators': 92, 'reg_alpha': 0.04087737804805057, 'reg_lambda': 894.0012766746387, 'scale_pos_weight': 7.1212100908323315, 'subsample': 0.6720044626463915}"
31,-0.020126795341080195,-0.14760140970676372,-0.05950910146880717,-0.017677081895395963,-0.08021398729667428,-0.06546622693751712,0.047912345510715125,1,0.004890632629394531,1.9942627476457935e-05,0.0012212276458740234,0.0001144721465417946,0.41475945229132033,0.01,3.369032083210602e-06,0.49260994153098053,9,42,2,77,0.036302154575953316,5.18906295270282e-07,1e-06,0.28790529866365844,"{'colsample_bylevel': 0.41475945229132033, 'colsample_bytree': 0.01, 'gamma': 3.369032083210602e-06, 'learning_rate': 0.49260994153098053, 'max_delta_step': 9, 'max_depth': 42, 'min_child_weight': 2, 'n_estimators': 77, 'reg_alpha': 0.036302154575953316, 'reg_lambda': 5.18906295270282e-07, 'scale_pos_weight': 1e-06, 'subsample': 0.28790529866365844}"
32,-0.0006053538695109938,-0.04457910462932424,-0.0051463347572671125,-0.01625362535229047,-0.21209717967395658,-0.05413524889327389,0.07849335497858478,1,0.004191827774047851,0.00021481725139193972,0.0013240814208984376,0.00021178939112445725,0.3864727606120395,0.04421975902332413,0.006517336282102089,0.09917647218576936,4,22,2,52,1.0457580599489444e-06,0.0001280159679288471,0.0002195390200140138,0.9048303570098893,"{'colsample_bylevel': 0.3864727606120395, 'colsample_bytree': 0.04421975902332413, 'gamma': 0.006517336282102089, 'learning_rate': 0.09917647218576936, 'max_delta_step': 4, 'max_depth': 22, 'min_child_weight': 2, 'n_estimators': 52, 'reg_alpha': 1.0457580599489444e-06, 'reg_lambda': 0.0001280159679288471, 'scale_pos_weight': 0.0002195390200140138, 'subsample': 0.9048303570098893}"
33,-0.001621808470815056,-0.046558186639529264,-0.0060228411129861215,-0.009902046447486823,-0.1838603669416976,-0.048297483983541625,0.06799001811083617,1,0.005823564529418945,0.002905051762530882,0.001981163024902344,0.0014382163579439824,0.04309721637907209,0.01,0.22968458819272722,0.5568698618366036,3,40,2,50,0.029192515289528237,5.782840089959801e-08,1e-06,0.9116170032980949,"{'colsample_bylevel': 0.04309721637907209, 'colsample_bytree': 0.01, 'gamma': 0.22968458819272722, 'learning_rate': 0.5568698618366036, 'max_delta_step': 3, 'max_depth': 40, 'min_child_weight': 2, 'n_estimators': 50, 'reg_alpha': 0.029192515289528237, 'reg_lambda': 5.782840089959801e-08, 'scale_pos_weight': 1e-06, 'subsample': 0.9116170032980949}"
34,-21.391191311383462,-18.000907418729795,-15.487089740475742,-27.490225391256054,-21.61069974135688,-20.6931613550057,4.022483503020989,1,0.006881093978881836,0.00024656135944843766,0.001349020004272461,0.00017273905025446876,0.8523469222449142,0.6646899611314454,0.001537058087392002,0.09576554686679103,14,46,0,66,8.826657947478258e-06,1000.0,4.108790573838436e-06,1.0,"{'colsample_bylevel': 0.8523469222449142, 'colsample_bytree': 0.6646899611314454, 'gamma': 0.001537058087392002, 'learning_rate': 0.09576554686679103, 'max_delta_step': 14, 'max_depth': 46, 'min_child_weight': 0, 'n_estimators': 66, 'reg_alpha': 8.826657947478258e-06, 'reg_lambda': 1000.0, 'scale_pos_weight': 4.108790573838436e-06, 'subsample': 1.0}"
35,-0.2314128048260513,-0.09691950280087647,-0.09641013389397957,-0.21063286083925448,-0.5287829916458151,-0.22908162407677513,0.15651896061761614,1,0.008494329452514649,0.0039678956625773636,0.0018587112426757812,0.0009321320170944291,0.3808002750716887,0.7842729109959141,1e-09,0.059654752747931174,12,34,0,56,1.2242986640417159e-05,0.2703560460069609,0.00435894562978614,0.09493412625258836,"{'colsample_bylevel': 0.3808002750716887, 'colsample_bytree': 0.7842729109959141, 'gamma': 1e-09, 'learning_rate': 0.059654752747931174, 'max_delta_step': 12, 'max_depth': 34, 'min_child_weight': 0, 'n_estimators': 56, 'reg_alpha': 1.2242986640417159e-05, 'reg_lambda': 0.2703560460069609, 'scale_pos_weight': 0.00435894562978614, 'subsample': 0.09493412625258836}"
36,-0.26178137144382063,-0.2854071939196614,-0.24443175522552596,-0.049084659818924736,-0.5915443013666077,-0.2855220584305832,0.17071615027093395,1,0.010927915573120117,0.0003410622899111294,0.001390361785888672,0.00013719712976049579,0.6413524445026839,0.14785789663433407,4.512527765564785e-08,0.1134313937561937,10,31,1,76,3.351474332636338e-05,0.048294340093198336,0.024477268941949758,0.6256521851095157,"{'colsample_bylevel': 0.6413524445026839, 'colsample_bytree': 0.14785789663433407, 'gamma': 4.512527765564785e-08, 'learning_rate': 0.1134313937561937, 'max_delta_step': 10, 'max_depth': 31, 'min_child_weight': 1, 'n_estimators': 76, 'reg_alpha': 3.351474332636338e-05, 'reg_lambda': 0.048294340093198336, 'scale_pos_weight': 0.024477268941949758, 'subsample': 0.6256521851095157}"
37,-0.0006010199739778788,-0.2409876172406653,-0.10227702887556411,-0.007685361749665719,-0.019368296241955463,-0.07584570141418913,0.09172478576035267,1,0.005068588256835938,0.0002847087379252214,0.0012827873229980468,0.00010092026115084367,0.5066701299011703,0.01,1.3460976138098022e-09,0.5788241488115033,13,50,2,74,0.001510242000971098,4.292310999671378e-08,1e-06,0.01,"{'colsample_bylevel': 0.5066701299011703, 'colsample_bytree': 0.01, 'gamma': 1.3460976138098022e-09, 'learning_rate': 0.5788241488115033, 'max_delta_step': 13, 'max_depth': 50, 'min_child_weight': 2, 'n_estimators': 74, 'reg_alpha': 0.001510242000971098, 'reg_lambda': 4.292310999671378e-08, 'scale_pos_weight': 1e-06, 'subsample': 0.01}"
38,-0.12333505152521007,-0.11311897752320976,0.14026432516173304,-0.10261266789858814,-0.39906944448073567,-0.11597801550151828,0.17002449516835538,1,0.013908052444458007,0.0054309579037128235,0.003758144378662109,0.00489117674878271,0.9167866322724013,0.29356540471452436,2.749016348183227e-06,0.08883792609959155,7,23,2,51,9.292604277386506e-07,0.03063810044321624,1.970381948450004e-05,0.7276417458818478,"{'colsample_bylevel': 0.9167866322724013, 'colsample_bytree': 0.29356540471452436, 'gamma': 2.749016348183227e-06, 'learning_rate': 0.08883792609959155, 'max_delta_step': 7, 'max_depth': 23, 'min_child_weight': 2, 'n_estimators': 51, 'reg_alpha': 9.292604277386506e-07, 'reg_lambda': 0.03063810044321624, 'scale_pos_weight': 1.970381948450004e-05, 'subsample': 0.7276417458818478}"
39,-0.35001440156293095,-0.1437134474358639,-0.21127586166201273,-0.5895086604530302,-0.9872295887307941,-0.4472519335408993,0.3035071634292214,1,0.0046214103698730465,0.00016068447208576,0.0012543678283691406,0.0001566523209641309,0.15760696255860385,0.01,0.0017846131325244875,0.606139740764089,5,19,2,67,1.0,688.0297647395289,1e-06,0.7195730199678033,"{'colsample_bylevel': 0.15760696255860385, 'colsample_bytree': 0.01, 'gamma': 0.0017846131325244875, 'learning_rate': 0.606139740764089, 'max_delta_step': 5, 'max_depth': 19, 'min_child_weight': 2, 'n_estimators': 67, 'reg_alpha': 1.0, 'reg_lambda': 688.0297647395289, 'scale_pos_weight': 1e-06, 'subsample': 0.7195730199678033}"
40,-0.00946230788221758,-0.06536378214206695,-0.010455422139993509,-0.007269766138143341,-0.17223064731244397,-0.05194833521606018,0.06260296794673853,1,0.004481124877929688,0.00017481648832185672,0.0012288093566894531,0.00010892948029441034,0.8539011980560569,0.01,0.49999999999999994,0.5517659923811332,20,50,2,62,1.7243758358264418e-08,1e-09,1e-06,0.9770697812644896,"{'colsample_bylevel': 0.8539011980560569, 'colsample_bytree': 0.01, 'gamma': 0.49999999999999994, 'learning_rate': 0.5517659923811332, 'max_delta_step': 20, 'max_depth': 50, 'min_child_weight': 2, 'n_estimators': 62, 'reg_alpha': 1.7243758358264418e-08, 'reg_lambda': 1e-09, 'scale_pos_weight': 1e-06, 'subsample': 0.9770697812644896}"
41,-0.004448320732571176,-0.0620531821945538,-0.011113388310181938,-0.18161749837553187,-0.16892033660265882,-0.08317469942814074,0.07550361433051926,1,0.004645109176635742,0.0003400093366763262,0.0013574600219726563,0.00021121967908854054,0.01,0.01,0.49999999999999994,0.5762921012504026,20,50,2,64,1.0,8.010726915204551e-08,42.361433497665715,0.01,"{'colsample_bylevel': 0.01, 'colsample_bytree': 0.01, 'gamma': 0.49999999999999994, 'learning_rate': 0.5762921012504026, 'max_delta_step': 20, 'max_depth': 50, 'min_child_weight': 2, 'n_estimators': 64, 'reg_alpha': 1.0, 'reg_lambda': 8.010726915204551e-08, 'scale_pos_weight': 42.361433497665715, 'subsample': 0.01}"
42,-0.002527293890942417,-0.012576580456813202,-0.0004976888772589838,-0.0037644070823446008,-0.17046724811374658,-0.03662009070028076,0.06533395363254584,1,0.004325962066650391,0.0002522324159523282,0.0012894630432128905,0.0001853310659720293,0.01,0.01,4.0320927779959195e-07,0.5852378594756711,7,50,2,50,0.21436415744647266,1.013188132242146e-09,3.933614364375632e-06,0.63024542313793,"{'colsample_bylevel': 0.01, 'colsample_bytree': 0.01, 'gamma': 4.0320927779959195e-07, 'learning_rate': 0.5852378594756711, 'max_delta_step': 7, 'max_depth': 50, 'min_child_weight': 2, 'n_estimators': 50, 'reg_alpha': 0.21436415744647266, 'reg_lambda': 1.013188132242146e-09, 'scale_pos_weight': 3.933614364375632e-06, 'subsample': 0.63024542313793}"
43,-0.0007512289356104151,-0.04676142173951492,-0.0065606956854318286,-0.009117679591462924,-0.1862708269340525,-0.04858272995569278,0.06905153393808462,1,0.004033517837524414,0.00011284453858829357,0.0012431621551513671,0.00015022046131945213,0.23983671885083604,0.01,8.141963302457063e-06,0.5666520870974808,14,50,2,50,1.0,1.0556902071746086e-08,3.3896805824624436e-06,0.9320083472432275,"{'colsample_bylevel': 0.23983671885083604, 'colsample_bytree': 0.01, 'gamma': 8.141963302457063e-06, 'learning_rate': 0.5666520870974808, 'max_delta_step': 14, 'max_depth': 50, 'min_child_weight': 2, 'n_estimators': 50, 'reg_alpha': 1.0, 'reg_lambda': 1.0556902071746086e-08, 'scale_pos_weight': 3.3896805824624436e-06, 'subsample': 0.9320083472432275}"
44,-0.08290715663031278,-0.020621525512939165,-0.1892834066449287,-0.020118322833541313,-0.036404938460704805,-0.07100694506770076,0.06443237017345094,1,0.004989051818847656,0.0001573244409464132,0.0012807846069335938,0.0001338828486712131,0.45721485844208476,0.01,0.0003188523113262247,0.5782107471294557,8,50,2,69,1e-09,4.754236693182839e-09,0.0005012281761473327,0.10302578926293118,"{'colsample_bylevel': 0.45721485844208476, 'colsample_bytree': 0.01, 'gamma': 0.0003188523113262247, 'learning_rate': 0.5782107471294557, 'max_delta_step': 8, 'max_depth': 50, 'min_child_weight': 2, 'n_estimators': 69, 'reg_alpha': 1e-09, 'reg_lambda': 4.754236693182839e-09, 'scale_pos_weight': 0.0005012281761473327, 'subsample': 0.10302578926293118}"
45,-0.0003292853419094577,-0.033642736897079084,-0.0017505088094138534,-0.017879779314854627,-0.09911889378534844,-0.029778347796286013,0.035943587766610864,1,0.005555057525634765,0.00025998990609603806,0.0013040542602539063,0.00012178318333921013,0.07501754267295835,0.01,0.49999999999999994,0.5716526054202145,8,50,2,81,0.1550277643016132,0.002869433073574988,2.518172860926886e-05,0.41482465260721046,"{'colsample_bylevel': 0.07501754267295835, 'colsample_bytree': 0.01, 'gamma': 0.49999999999999994, 'learning_rate': 0.5716526054202145, 'max_delta_step': 8, 'max_depth': 50, 'min_child_weight': 2, 'n_estimators': 81, 'reg_alpha': 0.1550277643016132, 'reg_lambda': 0.002869433073574988, 'scale_pos_weight': 2.518172860926886e-05, 'subsample': 0.41482465260721046}"
46,-0.6452107248289513,-0.027533881496334178,-0.059798220578024086,-0.07011696541986323,-0.2986847716568459,-0.22125159894004892,0.23564985487576443,1,0.005300283432006836,0.0002007576743244044,0.0012745857238769531,0.00019800590506965842,0.07875313203287446,0.01,0.16558611985288188,0.5528132160091737,0,50,2,83,3.8982664185673464e-06,0.0011599139127108906,1e-06,0.01,"{'colsample_bylevel': 0.07875313203287446, 'colsample_bytree': 0.01, 'gamma': 0.16558611985288188, 'learning_rate': 0.5528132160091737, 'max_delta_step': 0, 'max_depth': 50, 'min_child_weight': 2, 'n_estimators': 83, 'reg_alpha': 3.8982664185673464e-06, 'reg_lambda': 0.0011599139127108906, 'scale_pos_weight': 1e-06, 'subsample': 0.01}"
47,-0.00036277065853540513,-0.0015274841741277356,-0.00365278742092201,-0.010130043873318062,-0.25153374394923,-0.0513210775797185,0.09758534273951341,1,0.005992221832275391,0.00021977534803899345,0.0013734817504882813,0.00012957758272922774,0.8143857175346562,0.01,0.041506482724770234,0.5903204373602797,15,50,2,93,0.0006028238457597586,1e-09,8.166122506085013e-06,0.5277086370377846,"{'colsample_bylevel': 0.8143857175346562, 'colsample_bytree': 0.01, 'gamma': 0.041506482724770234, 'learning_rate': 0.5903204373602797, 'max_delta_step': 15, 'max_depth': 50, 'min_child_weight': 2, 'n_estimators': 93, 'reg_alpha': 0.0006028238457597586, 'reg_lambda': 1e-09, 'scale_pos_weight': 8.166122506085013e-06, 'subsample': 0.5277086370377846}"
48,-0.004239949773283236,-0.0890448439518392,-0.032718836577862564,-0.006470659903256681,-0.1571062041255895,-0.05726206234176195,0.05758121867605196,1,0.004889869689941406,0.0008722352767680026,0.0015764713287353515,0.0004857272964332176,0.8034687526874622,0.01,0.00033967847366157795,0.593703578724885,16,50,2,56,0.0098380138575757,1.04068805455213e-09,1.3640734039747069,0.7183414232958024,"{'colsample_bylevel': 0.8034687526874622, 'colsample_bytree': 0.01, 'gamma': 0.00033967847366157795, 'learning_rate': 0.593703578724885, 'max_delta_step': 16, 'max_depth': 50, 'min_child_weight': 2, 'n_estimators': 56, 'reg_alpha': 0.0098380138575757, 'reg_lambda': 1.04068805455213e-09, 'scale_pos_weight': 1.3640734039747069, 'subsample': 0.7183414232958024}"
49,-0.016118460195349016,-0.10255227590910909,-0.032628571675235474,-0.001169653144913907,-0.15491951584534625,-0.06102380798026089,0.057552338727200454,1,0.00433497428894043,0.00023460666336953766,0.001339292526245117,0.0002086866042192038,0.1721849229579158,0.01,1.9137800734796358e-07,0.5938403971789136,9,50,2,56,1.0,2.6635799943450604e-09,0.3233745557595896,0.8210652023486016,"{'colsample_bylevel': 0.1721849229579158, 'colsample_bytree': 0.01, 'gamma': 1.9137800734796358e-07, 'learning_rate': 0.5938403971789136, 'max_delta_step': 9, 'max_depth': 50, 'min_child_weight': 2, 'n_estimators': 56, 'reg_alpha': 1.0, 'reg_lambda': 2.6635799943450604e-09, 'scale_pos_weight': 0.3233745557595896, 'subsample': 0.8210652023486016}"
50,-0.0064167344035390705,-0.06870341770665123,-0.013911822770705573,-0.005962858800801162,-0.17074173666143055,-0.05218279396828332,0.062392596042742644,1,0.006131696701049805,0.0029288381946429493,0.0025146007537841797,0.002414653420308349,0.9480181030564313,0.01,0.0012705781474977372,0.5844460114645565,2,50,2,66,0.00102930893913543,1e-09,0.0006437101078286397,1.0,"{'colsample_bylevel': 0.9480181030564313, 'colsample_bytree': 0.01, 'gamma': 0.0012705781474977372, 'learning_rate': 0.5844460114645565, 'max_delta_step': 2, 'max_depth': 50, 'min_child_weight': 2, 'n_estimators': 66, 'reg_alpha': 0.00102930893913543, 'reg_lambda': 1e-09, 'scale_pos_weight': 0.0006437101078286397, 'subsample': 1.0}"
51,-0.00010735158154306923,-0.028736988648857764,-0.004061977191094579,-0.023882267340102903,-0.2142359729907446,-0.052428083917182136,0.07959859072819472,1,0.005807638168334961,0.001939034479417714,0.0013110637664794922,0.00015473751510020856,0.2970161899359828,0.01,0.000726019358411753,0.6037267015345174,20,50,2,58,0.0003928137421425092,1e-09,3.3954262693785623e-06,0.46346459936152334,"{'colsample_bylevel': 0.2970161899359828, 'colsample_bytree': 0.01, 'gamma': 0.000726019358411753, 'learning_rate': 0.6037267015345174, 'max_delta_step': 20, 'max_depth': 50, 'min_child_weight': 2, 'n_estimators': 58, 'reg_alpha': 0.0003928137421425092, 'reg_lambda': 1e-09, 'scale_pos_weight': 3.3954262693785623e-06, 'subsample': 0.46346459936152334}"
52,-0.0062129379974877885,-0.08064583046765228,-0.03471113880172094,-0.024777249466677365,-0.1729988162546614,-0.0629097743712556,0.059090775559829924,1,0.004982709884643555,6.653254035155635e-05,0.0017112255096435546,0.0005779627239492006,0.413349113251216,0.01,5.912228057166823e-09,0.5963820459172096,3,50,2,73,5.154176440919959e-05,1e-09,1.288446761692294e-05,0.5204458762940949,"{'colsample_bylevel': 0.413349113251216, 'colsample_bytree': 0.01, 'gamma': 5.912228057166823e-09, 'learning_rate': 0.5963820459172096, 'max_delta_step': 3, 'max_depth': 50, 'min_child_weight': 2, 'n_estimators': 73, 'reg_alpha': 5.154176440919959e-05, 'reg_lambda': 1e-09, 'scale_pos_weight': 1.288446761692294e-05, 'subsample': 0.5204458762940949}"
53,-0.006776866096510181,-0.06440189812636543,-0.013707839310253878,-0.01982180662760502,-0.19556078466087423,-0.05874870316487194,0.06970441830856003,1,0.004531192779541016,0.0003131315735244076,0.0012995243072509766,0.00016220459649053933,0.3954810175442525,0.01,0.004929448348257199,0.5877766613855366,6,50,2,61,7.93592886469218e-05,1e-09,0.04146970416039309,0.9430494063032936,"{'colsample_bylevel': 0.3954810175442525, 'colsample_bytree': 0.01, 'gamma': 0.004929448348257199, 'learning_rate': 0.5877766613855366, 'max_delta_step': 6, 'max_depth': 50, 'min_child_weight': 2, 'n_estimators': 61, 'reg_alpha': 7.93592886469218e-05, 'reg_lambda': 1e-09, 'scale_pos_weight': 0.04146970416039309, 'subsample': 0.9430494063032936}"
54,-0.01709200071676431,-0.09342518799227673,-0.030084021526425753,-0.002982212292752085,-0.1568457046470344,-0.059542588913548126,0.05669021414855917,1,0.004560995101928711,0.00036612954327925343,0.0013150215148925782,0.00025082126764899143,0.01,0.01,0.10554235919477047,0.5860287102392734,17,50,2,56,4.0226283268614887e-08,1e-09,0.00043610725447091204,0.8770087453235079,"{'colsample_bylevel': 0.01, 'colsample_bytree': 0.01, 'gamma': 0.10554235919477047, 'learning_rate': 0.5860287102392734, 'max_delta_step': 17, 'max_depth': 50, 'min_child_weight': 2, 'n_estimators': 56, 'reg_alpha': 4.0226283268614887e-08, 'reg_lambda': 1e-09, 'scale_pos_weight': 0.00043610725447091204, 'subsample': 0.8770087453235079}"
55,-0.006304894818257578,-0.06835405502108349,-0.013769951253699285,-0.006081573564084896,-0.1712658089733261,-0.052182148930402183,0.0625828530023815,1,0.004775428771972656,0.00013323965072082342,0.001222372055053711,0.0001518367368590148,0.9025422416568207,0.01,0.0006783807852001498,0.483752949834477,17,30,2,74,0.041438893686845564,1.184222722273814e-05,1.9011270461264018,1.0,"{'colsample_bylevel': 0.9025422416568207, 'colsample_bytree': 0.01, 'gamma': 0.0006783807852001498, 'learning_rate': 0.483752949834477, 'max_delta_step': 17, 'max_depth': 30, 'min_child_weight': 2, 'n_estimators': 74, 'reg_alpha': 0.041438893686845564, 'reg_lambda': 1.184222722273814e-05, 'scale_pos_weight': 1.9011270461264018, 'subsample': 1.0}"
56,-0.002194954402101823,-0.03626129547182155,-0.006716109190765484,-0.010068634744201832,-0.21184079057477323,-0.05183996356761622,0.07886035696894465,1,0.004601287841796875,0.0001011588874980468,0.0012832164764404296,0.0001556706017914554,0.2953921690411686,0.01,3.8752449715395604e-05,0.6120261119684586,8,50,2,62,1.0,1e-09,0.05848800621292236,0.8475629295167902,"{'colsample_bylevel': 0.2953921690411686, 'colsample_bytree': 0.01, 'gamma': 3.8752449715395604e-05, 'learning_rate': 0.6120261119684586, 'max_delta_step': 8, 'max_depth': 50, 'min_child_weight': 2, 'n_estimators': 62, 'reg_alpha': 1.0, 'reg_lambda': 1e-09, 'scale_pos_weight': 0.05848800621292236, 'subsample': 0.8475629295167902}"
57,-0.0020582082238616017,-0.0019385108460561185,-0.005971841724796478,-0.035159506216591474,-0.3569541033197372,-0.07724820473190841,0.13680187442836184,1,0.006001663208007812,0.0005084717302093525,0.0014416694641113282,0.00036217417312785666,0.01,0.01,0.49999999999999994,0.6063052563881761,0,50,2,94,1.0,1e-09,0.007394931415512996,0.129998168788043,"{'colsample_bylevel': 0.01, 'colsample_bytree': 0.01, 'gamma': 0.49999999999999994, 'learning_rate': 0.6063052563881761, 'max_delta_step': 0, 'max_depth': 50, 'min_child_weight': 2, 'n_estimators': 94, 'reg_alpha': 1.0, 'reg_lambda': 1e-09, 'scale_pos_weight': 0.007394931415512996, 'subsample': 0.129998168788043}"
58,-0.012661464514585052,-0.07173770062619922,-0.011305555072832707,-0.05340486428445957,-0.2516886852127116,-0.07817644515294042,0.08775452938850284,1,0.004158878326416015,0.00018108826368887945,0.0013013362884521484,0.00016244095909174897,0.38436419627325125,0.01,0.1365271103768606,0.593747105508685,7,50,2,53,0.22239420689229342,1e-09,3.46303341398109e-05,0.22442464274378154,"{'colsample_bylevel': 0.38436419627325125, 'colsample_bytree': 0.01, 'gamma': 0.1365271103768606, 'learning_rate': 0.593747105508685, 'max_delta_step': 7, 'max_depth': 50, 'min_child_weight': 2, 'n_estimators': 53, 'reg_alpha': 0.22239420689229342, 'reg_lambda': 1e-09, 'scale_pos_weight': 3.46303341398109e-05, 'subsample': 0.22442464274378154}"
59,-0.00048412675015963025,-0.028584355015218943,-0.01633441003571634,-0.025703028776365322,-0.18060569849882135,-0.048895418614644345,0.06491754129971175,1,0.007597923278808594,0.001869104708862568,0.0014990806579589845,7.283577941593628e-05,0.8565380127644677,0.01,3.0196110467160237e-05,0.604784613675519,16,50,2,86,0.019775100810482147,1e-09,0.01885709904616384,0.2895264751111732,"{'colsample_bylevel': 0.8565380127644677, 'colsample_bytree': 0.01, 'gamma': 3.0196110467160237e-05, 'learning_rate': 0.604784613675519, 'max_delta_step': 16, 'max_depth': 50, 'min_child_weight': 2, 'n_estimators': 86, 'reg_alpha': 0.019775100810482147, 'reg_lambda': 1e-09, 'scale_pos_weight': 0.01885709904616384, 'subsample': 0.2895264751111732}"
60,-0.006021141193738755,-0.06462486401179501,-0.014464136583989262,-0.007880046139431718,-0.17229767937984852,-0.052043017590585876,0.06249263498245304,1,0.005747938156127929,0.00021650720674332583,0.0019029140472412109,0.0011598823060675286,0.35452112204877706,0.01,1.4721470553224898e-05,0.12375689178667976,15,48,1,86,0.00013277198249263953,1e-09,0.006114143518481984,0.9316006842123583,"{'colsample_bylevel': 0.35452112204877706, 'colsample_bytree': 0.01, 'gamma': 1.4721470553224898e-05, 'learning_rate': 0.12375689178667976, 'max_delta_step': 15, 'max_depth': 48, 'min_child_weight': 1, 'n_estimators': 86, 'reg_alpha': 0.00013277198249263953, 'reg_lambda': 1e-09, 'scale_pos_weight': 0.006114143518481984, 'subsample': 0.9316006842123583}"
61,-0.0063709918514294195,-0.06856055204917055,-0.013853859929637611,-0.0060114588347581766,-0.1709551371486544,-0.05218237535919644,0.062469954865496384,1,0.005334711074829102,0.0002699393051821272,0.004316520690917969,0.00572351711631829,0.07009896565455889,0.01,0.0946757858437118,0.12667603593504478,19,50,1,77,0.0061692904073874025,1e-09,0.00016850430827013838,1.0,"{'colsample_bylevel': 0.07009896565455889, 'colsample_bytree': 0.01, 'gamma': 0.0946757858437118, 'learning_rate': 0.12667603593504478, 'max_delta_step': 19, 'max_depth': 50, 'min_child_weight': 1, 'n_estimators': 77, 'reg_alpha': 0.0061692904073874025, 'reg_lambda': 1e-09, 'scale_pos_weight': 0.00016850430827013838, 'subsample': 1.0}"
62,-0.00641189146706278,-0.06868833441341549,-0.013905690106877698,-0.005968038889165639,-0.1707636177572438,-0.05218262921726126,0.06240051709047492,1,0.005563974380493164,0.00017842562156208561,0.0015913009643554687,0.0005344159465370791,0.3431702779164584,0.01,0.012776864752323503,0.12728037874813622,11,50,1,93,0.0015583049589531466,1e-09,0.0005317952019799552,1.0,"{'colsample_bylevel': 0.3431702779164584, 'colsample_bytree': 0.01, 'gamma': 0.012776864752323503, 'learning_rate': 0.12728037874813622, 'max_delta_step': 11, 'max_depth': 50, 'min_child_weight': 1, 'n_estimators': 93, 'reg_alpha': 0.0015583049589531466, 'reg_lambda': 1e-09, 'scale_pos_weight': 0.0005317952019799552, 'subsample': 1.0}"
63,-0.006415043011626764,-0.06869767149492789,-0.01390968105192947,-0.005964667464985363,-0.17075012424911984,-0.05218278105992787,0.06239560806005852,1,0.005532741546630859,0.00016093632022517253,0.0012517929077148437,0.00010611695720093144,0.45047206089603353,0.01,3.6294878711084334e-08,0.12687537962330114,8,50,1,91,3.2991303677363245e-06,1e-09,0.9675145537173849,1.0,"{'colsample_bylevel': 0.45047206089603353, 'colsample_bytree': 0.01, 'gamma': 3.6294878711084334e-08, 'learning_rate': 0.12687537962330114, 'max_delta_step': 8, 'max_depth': 50, 'min_child_weight': 1, 'n_estimators': 91, 'reg_alpha': 3.2991303677363245e-06, 'reg_lambda': 1e-09, 'scale_pos_weight': 0.9675145537173849, 'subsample': 1.0}"
64,-0.005197239497086725,-0.0669406917347306,-0.014370579059418409,-0.005776659749097802,-0.1694877482540671,-0.05138807351250472,0.06199620613632042,1,0.006243467330932617,0.00041306661143957987,0.0014116287231445313,0.00012362424287829391,0.30063641287395654,0.01,0.49999999999999994,0.12798660751813523,8,50,1,98,0.09209757182221529,1e-09,6.081522670127357e-06,0.9653856602004082,"{'colsample_bylevel': 0.30063641287395654, 'colsample_bytree': 0.01, 'gamma': 0.49999999999999994, 'learning_rate': 0.12798660751813523, 'max_delta_step': 8, 'max_depth': 50, 'min_child_weight': 1, 'n_estimators': 98, 'reg_alpha': 0.09209757182221529, 'reg_lambda': 1e-09, 'scale_pos_weight': 6.081522670127357e-06, 'subsample': 0.9653856602004082}"
65,-0.006412583203196709,-0.06869048906821118,-0.013906663455310221,-0.005967298738844162,-0.170760700196799,-0.05218271261643529,0.06239944911043624,1,0.005622339248657226,0.00011720977434299154,0.0012697696685791016,0.00020785519331496512,0.3046939708566912,0.01,1.726940981698363e-06,0.12775316777610862,6,50,1,96,0.001741872707246607,1e-09,0.0015759096571660142,1.0,"{'colsample_bylevel': 0.3046939708566912, 'colsample_bytree': 0.01, 'gamma': 1.726940981698363e-06, 'learning_rate': 0.12775316777610862, 'max_delta_step': 6, 'max_depth': 50, 'min_child_weight': 1, 'n_estimators': 96, 'reg_alpha': 0.001741872707246607, 'reg_lambda': 1e-09, 'scale_pos_weight': 0.0015759096571660142, 'subsample': 1.0}"
66,-0.005953704348095501,-0.06942695620910477,-0.014114763029940967,-0.00711017301776673,-0.18250207392536644,-0.054753463164534014,0.06661870095871608,1,0.005745649337768555,2.8719692634808412e-05,0.0012504100799560548,0.00014269407530368068,0.2834056336166541,0.01,6.317215957547499e-06,0.1283300107170318,8,44,1,96,0.00015788412089183157,1.7256797081521339e-09,0.025040555646054063,0.8738310034354584,"{'colsample_bylevel': 0.2834056336166541, 'colsample_bytree': 0.01, 'gamma': 6.317215957547499e-06, 'learning_rate': 0.1283300107170318, 'max_delta_step': 8, 'max_depth': 44, 'min_child_weight': 1, 'n_estimators': 96, 'reg_alpha': 0.00015788412089183157, 'reg_lambda': 1.7256797081521339e-09, 'scale_pos_weight': 0.025040555646054063, 'subsample': 0.8738310034354584}"
67,-0.016857651866086565,-0.07760318890310236,-0.012536915283545946,-0.005297899513501347,-0.25470532202070717,-0.07184947181191702,0.09280580737927982,1,0.005735349655151367,0.0017857083478733612,0.001266813278198242,0.00015951892808882228,0.5356789642207832,0.01,2.317474652752518e-08,0.48648767952406846,3,3,2,65,0.21744264005062103,2.6186305517649402e-09,0.012609171997296487,0.6534481549508024,"{'colsample_bylevel': 0.5356789642207832, 'colsample_bytree': 0.01, 'gamma': 2.317474652752518e-08, 'learning_rate': 0.48648767952406846, 'max_delta_step': 3, 'max_depth': 3, 'min_child_weight': 2, 'n_estimators': 65, 'reg_alpha': 0.21744264005062103, 'reg_lambda': 2.6186305517649402e-09, 'scale_pos_weight': 0.012609171997296487, 'subsample': 0.6534481549508024}"
68,-0.0064182722260168745,-0.06870844583903879,-0.0139137699308447,-0.005961296993354903,-0.17073444327437626,-0.05218284498201016,0.06238995649475061,1,0.0044959068298339845,0.00021265987836916977,0.0012239456176757813,0.0001552287397194366,0.3597588593734889,0.01,0.1763123748735698,0.4897635803356556,15,50,2,62,0.00046578937199047963,1.0000040888234831e-09,1e-06,1.0,"{'colsample_bylevel': 0.3597588593734889, 'colsample_bytree': 0.01, 'gamma': 0.1763123748735698, 'learning_rate': 0.4897635803356556, 'max_delta_step': 15, 'max_depth': 50, 'min_child_weight': 2, 'n_estimators': 62, 'reg_alpha': 0.00046578937199047963, 'reg_lambda': 1.0000040888234831e-09, 'scale_pos_weight': 1e-06, 'subsample': 1.0}"
69,-0.0008547756939958351,-0.039767875746211434,-0.010254180875512331,-0.03542790183193811,-0.21615606896702144,-0.05870312432768806,0.07811551409688665,1,0.005503654479980469,3.480649964441453e-05,0.001241588592529297,0.00012083157085044707,0.8550566473564726,0.01,0.0008354891262959096,0.12595093709971247,11,47,1,90,0.00022504517024484608,1e-09,0.0008485116906609305,0.20451702991619922,"{'colsample_bylevel': 0.8550566473564726, 'colsample_bytree': 0.01, 'gamma': 0.0008354891262959096, 'learning_rate': 0.12595093709971247, 'max_delta_step': 11, 'max_depth': 47, 'min_child_weight': 1, 'n_estimators': 90, 'reg_alpha': 0.00022504517024484608, 'reg_lambda': 1e-09, 'scale_pos_weight': 0.0008485116906609305, 'subsample': 0.20451702991619922}"
70,-0.007371961399725402,-0.037473569477843194,-0.0024633859551235204,-7.015205163440896e-07,-0.1845376106962502,-0.04511191950034402,0.06925897682522483,1,0.006300497055053711,0.00043724281024757255,0.0014050960540771484,8.66074120477994e-05,0.7343055686224753,0.01,1.0153111792365766e-08,0.1270692593004502,4,48,1,98,3.851242050311402e-08,1e-09,93.38339872963763,0.3560857039081263,"{'colsample_bylevel': 0.7343055686224753, 'colsample_bytree': 0.01, 'gamma': 1.0153111792365766e-08, 'learning_rate': 0.1270692593004502, 'max_delta_step': 4, 'max_depth': 48, 'min_child_weight': 1, 'n_estimators': 98, 'reg_alpha': 3.851242050311402e-08, 'reg_lambda': 1e-09, 'scale_pos_weight': 93.38339872963763, 'subsample': 0.3560857039081263}"
71,-0.014490843873556702,-0.10198935490316186,-0.031528878277712336,-0.0004628158202397703,-0.1339038816396083,-0.056181779729511466,0.05164394662635625,1,0.005553245544433594,0.00016797870623632525,0.0012946128845214844,0.00023750104782320285,0.09944675266263277,0.01,0.0011351670003617563,0.13017371313452356,5,50,1,88,3.055075673320615e-05,8.405113444935011e-09,0.0006765809360558493,0.6778355728647903,"{'colsample_bylevel': 0.09944675266263277, 'colsample_bytree': 0.01, 'gamma': 0.0011351670003617563, 'learning_rate': 0.13017371313452356, 'max_delta_step': 5, 'max_depth': 50, 'min_child_weight': 1, 'n_estimators': 88, 'reg_alpha': 3.055075673320615e-05, 'reg_lambda': 8.405113444935011e-09, 'scale_pos_weight': 0.0006765809360558493, 'subsample': 0.6778355728647903}"
72,-8.433396441853702e-05,-0.019875270967356418,-0.00374368165609007,-8.183827798013965e-05,-0.2006613862608726,-0.04336923893646457,0.07697541647299737,1,0.0058837890625,0.00017907959594919755,0.001275491714477539,0.00011075536408231773,0.36188988127198424,0.01,0.05165238967766957,0.1329577155313128,2,35,1,96,0.011324370119223371,1.1925578656837239e-09,9.356168003285404e-05,0.26287742499881206,"{'colsample_bylevel': 0.36188988127198424, 'colsample_bytree': 0.01, 'gamma': 0.05165238967766957, 'learning_rate': 0.1329577155313128, 'max_delta_step': 2, 'max_depth': 35, 'min_child_weight': 1, 'n_estimators': 96, 'reg_alpha': 0.011324370119223371, 'reg_lambda': 1.1925578656837239e-09, 'scale_pos_weight': 9.356168003285404e-05, 'subsample': 0.26287742499881206}"
73,-0.005211988644592712,-0.07009743904107224,-0.018726354868604078,-0.0030569727191340768,-0.15549041556808652,-0.04972876951144005,0.05703394763619492,1,0.004380559921264649,0.0001967075286317889,0.00133819580078125,0.00019076677293884374,0.2845797531657504,0.01,0.006776289956384129,0.13633839891461494,3,35,1,57,0.00953480843775974,1e-09,4.960426691623309e-05,0.7653997528257082,"{'colsample_bylevel': 0.2845797531657504, 'colsample_bytree': 0.01, 'gamma': 0.006776289956384129, 'learning_rate': 0.13633839891461494, 'max_delta_step': 3, 'max_depth': 35, 'min_child_weight': 1, 'n_estimators': 57, 'reg_alpha': 0.00953480843775974, 'reg_lambda': 1e-09, 'scale_pos_weight': 4.960426691623309e-05, 'subsample': 0.7653997528257082}"
74,-0.0008744752094369534,-0.047243645342184726,-0.013626219571965414,-0.07318151350955482,-0.3129396505106352,-0.08673782737173243,0.11305706711041524,1,0.006584024429321289,0.0032744447775599947,0.0014030933380126953,0.00020473907259060432,0.5170631172586507,0.01,1.5074261475274297e-06,0.13659799741458792,5,37,1,67,0.0003298776564549558,1e-09,0.27235825944486186,0.02880764289879681,"{'colsample_bylevel': 0.5170631172586507, 'colsample_bytree': 0.01, 'gamma': 1.5074261475274297e-06, 'learning_rate': 0.13659799741458792, 'max_delta_step': 5, 'max_depth': 37, 'min_child_weight': 1, 'n_estimators': 67, 'reg_alpha': 0.0003298776564549558, 'reg_lambda': 1e-09, 'scale_pos_weight': 0.27235825944486186, 'subsample': 0.02880764289879681}"
75,-43.29057487003617,-37.381461889068625,-31.5741075881269,-55.213459241185404,-41.5023956911233,-41.61252238713421,7.77445688365817,1,0.004972314834594727,0.0002643248886194031,0.0013118743896484374,0.00019990982575672565,0.4905516995027042,0.01,0.05286576519156955,0.583528622843965,11,0,2,88,0.4015375808134788,0.0007188588258657424,1.3097644410418038e-05,1.0,"{'colsample_bylevel': 0.4905516995027042, 'colsample_bytree': 0.01, 'gamma': 0.05286576519156955, 'learning_rate': 0.583528622843965, 'max_delta_step': 11, 'max_depth': 0, 'min_child_weight': 2, 'n_estimators': 88, 'reg_alpha': 0.4015375808134788, 'reg_lambda': 0.0007188588258657424, 'scale_pos_weight': 1.3097644410418038e-05, 'subsample': 1.0}"
76,-0.005129992570100272,-0.06464228130392025,-0.012270607779668152,-0.0065511482917270936,-0.17352339740617206,-0.05139297074761532,0.0635338678058962,1,0.005733966827392578,8.465289948712212e-05,0.0013236045837402345,0.00022068797446610068,0.03932228859560591,0.044730120190203185,5.742426345667217e-05,0.07663913251010429,17,23,1,94,3.7159499551291703e-06,6.823275669716584e-05,0.016679624672588877,0.9887237698707643,"{'colsample_bylevel': 0.03932228859560591, 'colsample_bytree': 0.044730120190203185, 'gamma': 5.742426345667217e-05, 'learning_rate': 0.07663913251010429, 'max_delta_step': 17, 'max_depth': 23, 'min_child_weight': 1, 'n_estimators': 94, 'reg_alpha': 3.7159499551291703e-06, 'reg_lambda': 6.823275669716584e-05, 'scale_pos_weight': 0.016679624672588877, 'subsample': 0.9887237698707643}"
77,-0.005448974902274362,-0.06856701009966115,-0.013626301620242254,-0.01109880500366689,-0.17209003225528763,-0.05314079480764424,0.06236639358742718,1,0.0050470829010009766,8.112049819768305e-05,0.0012669086456298829,0.000132716245473669,0.31603147756481725,0.01,0.49999999999999994,0.12587868045616046,20,47,3,75,0.0022663942230655206,0.001623671961210462,1.309523904324032,0.7471463365993761,"{'colsample_bylevel': 0.31603147756481725, 'colsample_bytree': 0.01, 'gamma': 0.49999999999999994, 'learning_rate': 0.12587868045616046, 'max_delta_step': 20, 'max_depth': 47, 'min_child_weight': 3, 'n_estimators': 75, 'reg_alpha': 0.0022663942230655206, 'reg_lambda': 0.001623671961210462, 'scale_pos_weight': 1.309523904324032, 'subsample': 0.7471463365993761}"
78,-0.5778939414758479,-0.9711494061422696,-0.25875055049612894,-1.2417356646820301,-0.5125998805406651,-0.7079124123949512,0.3480429223759791,1,0.010992193222045898,0.0003931936175174016,0.0013012409210205079,0.0001258686083888491,0.7641528677172587,0.4913741433281602,7.779712914490502e-05,0.4592463135038069,2,4,2,64,6.741567949543649e-06,0.0027801828746028003,0.12305762000475119,0.9926890292234977,"{'colsample_bylevel': 0.7641528677172587, 'colsample_bytree': 0.4913741433281602, 'gamma': 7.779712914490502e-05, 'learning_rate': 0.4592463135038069, 'max_delta_step': 2, 'max_depth': 4, 'min_child_weight': 2, 'n_estimators': 64, 'reg_alpha': 6.741567949543649e-06, 'reg_lambda': 0.0027801828746028003, 'scale_pos_weight': 0.12305762000475119, 'subsample': 0.9926890292234977}"
79,-0.00040148462267408647,-0.04822173179712097,-0.011139856219619215,-1.5799919905745696e-06,-0.11706729166071272,-0.034731647845603564,0.04387894751218834,1,0.004273080825805664,0.00027035374248895853,0.0013430595397949218,0.00016876515328575803,0.32137847546294435,0.01,0.0005610847822829238,0.5900341424880331,3,21,2,51,1.273308688636351e-05,0.019625928663421797,14.946734404822138,0.3254798452987202,"{'colsample_bylevel': 0.32137847546294435, 'colsample_bytree': 0.01, 'gamma': 0.0005610847822829238, 'learning_rate': 0.5900341424880331, 'max_delta_step': 3, 'max_depth': 21, 'min_child_weight': 2, 'n_estimators': 51, 'reg_alpha': 1.273308688636351e-05, 'reg_lambda': 0.019625928663421797, 'scale_pos_weight': 14.946734404822138, 'subsample': 0.3254798452987202}"
80,-0.7314527715714587,-0.48042151994425875,-0.056247211238438455,-0.31493758071237377,-0.310594532488208,-0.3805379743304176,0.22522357851524252,1,0.009741783142089844,0.00012106293516456722,0.0013646125793457032,0.0002457217152969461,0.48979671073761666,0.37728365850572165,0.00017001895992874752,0.11066726312442375,12,46,3,94,0.010081227236406537,0.00047324467264008675,192.84844513696032,0.28668023886924415,"{'colsample_bylevel': 0.48979671073761666, 'colsample_bytree': 0.37728365850572165, 'gamma': 0.00017001895992874752, 'learning_rate': 0.11066726312442375, 'max_delta_step': 12, 'max_depth': 46, 'min_child_weight': 3, 'n_estimators': 94, 'reg_alpha': 0.010081227236406537, 'reg_lambda': 0.00047324467264008675, 'scale_pos_weight': 192.84844513696032, 'subsample': 0.28668023886924415}"
81,-0.7377202823507388,-0.4955643167166485,-0.6961741392465612,-0.19364347856821373,-0.8289222578647497,-0.5925726217091879,0.22293971482456076,1,0.00738372802734375,0.00011554017223593047,0.001848459243774414,0.0011913598190770314,0.8608106940555211,0.15094843812252112,1.7165384173033477e-08,0.32442906215613365,15,19,2,84,0.4234227471051418,1.083923028665513,1.2966361477775639e-05,0.3282784224882478,"{'colsample_bylevel': 0.8608106940555211, 'colsample_bytree': 0.15094843812252112, 'gamma': 1.7165384173033477e-08, 'learning_rate': 0.32442906215613365, 'max_delta_step': 15, 'max_depth': 19, 'min_child_weight': 2, 'n_estimators': 84, 'reg_alpha': 0.4234227471051418, 'reg_lambda': 1.083923028665513, 'scale_pos_weight': 1.2966361477775639e-05, 'subsample': 0.3282784224882478}"
82,-0.6492011301668548,-1.5328931526888985,-2.6449223394302184,-1.3445188963533599,-1.2011430617908685,-1.480061873264504,0.6630838682248916,1,0.010545969009399414,0.00033860112257131546,0.0013632774353027344,0.00012368966544532307,0.062453824405212646,0.22296876480541614,1.4616271837689307e-07,0.43995277060082894,20,5,2,100,0.015019087744547046,0.000301805451171074,325.5984798858235,0.3304083700532402,"{'colsample_bylevel': 0.062453824405212646, 'colsample_bytree': 0.22296876480541614, 'gamma': 1.4616271837689307e-07, 'learning_rate': 0.43995277060082894, 'max_delta_step': 20, 'max_depth': 5, 'min_child_weight': 2, 'n_estimators': 100, 'reg_alpha': 0.015019087744547046, 'reg_lambda': 0.000301805451171074, 'scale_pos_weight': 325.5984798858235, 'subsample': 0.3304083700532402}"
83,-0.017703335526843222,-0.08707609630283142,-0.01847352552387993,-0.014990879655091272,-0.19652048388467636,-0.06588977328575432,0.06928771889262404,1,0.004820728302001953,3.234509851383863e-05,0.0012296676635742188,0.0001290558337195487,0.27958909698693224,0.01,0.003448477750516504,0.4749784469779731,1,4,2,71,0.050828867927518555,60.58562104357929,2.4476929287602646e-06,0.6090954755345405,"{'colsample_bylevel': 0.27958909698693224, 'colsample_bytree': 0.01, 'gamma': 0.003448477750516504, 'learning_rate': 0.4749784469779731, 'max_delta_step': 1, 'max_depth': 4, 'min_child_weight': 2, 'n_estimators': 71, 'reg_alpha': 0.050828867927518555, 'reg_lambda': 60.58562104357929, 'scale_pos_weight': 2.4476929287602646e-06, 'subsample': 0.6090954755345405}"
84,-0.006364711217765605,-0.06873143393012482,-0.03163023332414561,-0.002494471134148357,-0.19766101970847005,-0.06031606231338627,0.07099722987422112,1,0.004686880111694336,0.00039445125486349157,0.001372051239013672,0.0002069379545102405,0.3157992505058104,0.01,0.0001712628499767301,0.5993450705173123,6,21,2,59,0.1657778831661812,16.262654925391683,0.00014575452976967515,0.6121508116683672,"{'colsample_bylevel': 0.3157992505058104, 'colsample_bytree': 0.01, 'gamma': 0.0001712628499767301, 'learning_rate': 0.5993450705173123, 'max_delta_step': 6, 'max_depth': 21, 'min_child_weight': 2, 'n_estimators': 59, 'reg_alpha': 0.1657778831661812, 'reg_lambda': 16.262654925391683, 'scale_pos_weight': 0.00014575452976967515, 'subsample': 0.6121508116683672}"
85,-0.4989825997544821,-0.24471659292310902,-0.04150542072632324,-0.2929756087286164,-0.630718474252774,-0.33849022414792035,0.2049334698367102,1,0.012840890884399414,0.0005940422427675796,0.001393890380859375,0.0002209725130064094,0.9957013990134117,0.36414521033908315,3.081985636396389e-08,0.08890926208546074,7,22,2,58,1.2524654725069833e-05,0.0053606330887502425,5.018727326783658e-05,0.6302406946845412,"{'colsample_bylevel': 0.9957013990134117, 'colsample_bytree': 0.36414521033908315, 'gamma': 3.081985636396389e-08, 'learning_rate': 0.08890926208546074, 'max_delta_step': 7, 'max_depth': 22, 'min_child_weight': 2, 'n_estimators': 58, 'reg_alpha': 1.2524654725069833e-05, 'reg_lambda': 0.0053606330887502425, 'scale_pos_weight': 5.018727326783658e-05, 'subsample': 0.6302406946845412}"
86,-17.381366791523966,-14.486841986382348,-12.549727355690525,-22.41713691923766,-17.909193767724318,-16.860790022211237,3.3412907419330393,1,0.009606075286865235,0.0006627338599092986,0.0013390541076660155,0.00012622228148532355,1.0,0.9999815528803196,5.282554958767701e-08,0.10642284157344756,20,45,4,77,1.0,999.3577002076971,0.18244790255772353,1.0,"{'colsample_bylevel': 1.0, 'colsample_bytree': 0.9999815528803196, 'gamma': 5.282554958767701e-08, 'learning_rate': 0.10642284157344756, 'max_delta_step': 20, 'max_depth': 45, 'min_child_weight': 4, 'n_estimators': 77, 'reg_alpha': 1.0, 'reg_lambda': 999.3577002076971, 'scale_pos_weight': 0.18244790255772353, 'subsample': 1.0}"
87,0.001161347191949269,0.012753523361433206,-0.056224526502678396,-0.22025827615382032,-0.4082976782772827,-0.12923874248321757,0.1589207682497428,1,0.010682773590087891,0.00014898589102966745,0.0019263744354248047,0.001346677922032713,0.8791849287296837,0.21864388267997045,0.0001006103011124465,0.11076225205697979,1,46,3,98,5.916490044213859e-06,0.00034688917146931587,2.243903716210833,0.9529266913471781,"{'colsample_bylevel': 0.8791849287296837, 'colsample_bytree': 0.21864388267997045, 'gamma': 0.0001006103011124465, 'learning_rate': 0.11076225205697979, 'max_delta_step': 1, 'max_depth': 46, 'min_child_weight': 3, 'n_estimators': 98, 'reg_alpha': 5.916490044213859e-06, 'reg_lambda': 0.00034688917146931587, 'scale_pos_weight': 2.243903716210833, 'subsample': 0.9529266913471781}"
88,-0.007761082251861673,-0.04769083231652149,-0.01388311798576014,-0.009099696009940761,-0.2273037359444996,-0.059584568981839926,0.0830278497340741,1,0.004486465454101562,4.4629410728080374e-05,0.0012370586395263673,0.00012791236537673954,0.8434061963135145,0.01,0.00027349251056963466,0.4749882374355787,6,4,2,62,1.3568787255655583e-08,8.017980630020967e-09,0.749645664896629,0.7504410902824509,"{'colsample_bylevel': 0.8434061963135145, 'colsample_bytree': 0.01, 'gamma': 0.00027349251056963466, 'learning_rate': 0.4749882374355787, 'max_delta_step': 6, 'max_depth': 4, 'min_child_weight': 2, 'n_estimators': 62, 'reg_alpha': 1.3568787255655583e-08, 'reg_lambda': 8.017980630020967e-09, 'scale_pos_weight': 0.749645664896629, 'subsample': 0.7504410902824509}"
89,-0.007348328440894392,-0.07622657936639499,-0.01742857625651517,-0.006538746324291633,-0.16795506289833506,-0.0542187067133403,0.06120380399700292,1,0.006239557266235351,0.0003084247688100285,0.0013643741607666016,0.00011673326190910066,0.7505676781311362,0.04163504909660257,0.008612939264307359,0.1118159458401838,9,46,3,98,0.00016392827818645435,2.6639228992274086e-06,10.95574266053421,0.9146568055853682,"{'colsample_bylevel': 0.7505676781311362, 'colsample_bytree': 0.04163504909660257, 'gamma': 0.008612939264307359, 'learning_rate': 0.1118159458401838, 'max_delta_step': 9, 'max_depth': 46, 'min_child_weight': 3, 'n_estimators': 98, 'reg_alpha': 0.00016392827818645435, 'reg_lambda': 2.6639228992274086e-06, 'scale_pos_weight': 10.95574266053421, 'subsample': 0.9146568055853682}"
90,-0.005065164355694041,-0.06519177741859838,-0.01358788493146057,-0.0053210933537786165,-0.16982436031377413,-0.05081792810865799,0.06221316493443062,1,0.007960367202758788,0.0041119174930773,0.0014066696166992188,0.00016155577884700904,0.5750270615734694,0.01,0.0001810761354377235,0.1104089550039717,10,46,3,93,0.0008588906977949536,4.902448650513147e-05,0.005451227094468327,0.9562220380587875,"{'colsample_bylevel': 0.5750270615734694, 'colsample_bytree': 0.01, 'gamma': 0.0001810761354377235, 'learning_rate': 0.1104089550039717, 'max_delta_step': 10, 'max_depth': 46, 'min_child_weight': 3, 'n_estimators': 93, 'reg_alpha': 0.0008588906977949536, 'reg_lambda': 4.902448650513147e-05, 'scale_pos_weight': 0.005451227094468327, 'subsample': 0.9562220380587875}"
91,-0.006406973530596716,-0.06867301339835286,-0.013899558795059885,-0.005973303504048344,-0.17078768858192084,-0.052182836644708366,0.062409223943697814,1,0.005706214904785156,9.442924122083514e-05,0.0012679100036621094,0.00015854588126640358,0.839397118524799,0.01,0.011922024964897282,0.11261981406566376,10,46,3,95,2.7481902092469866e-05,7.2542732566494e-08,0.04966009775429603,1.0,"{'colsample_bylevel': 0.839397118524799, 'colsample_bytree': 0.01, 'gamma': 0.011922024964897282, 'learning_rate': 0.11261981406566376, 'max_delta_step': 10, 'max_depth': 46, 'min_child_weight': 3, 'n_estimators': 95, 'reg_alpha': 2.7481902092469866e-05, 'reg_lambda': 7.2542732566494e-08, 'scale_pos_weight': 0.04966009775429603, 'subsample': 1.0}"
92,-0.007540954784164278,-0.07052009790231883,-0.014137817032995327,-0.006657560594267364,-0.17711926090487107,-0.054189843106576915,0.0645211919009126,1,0.005026769638061523,0.0002582990574982028,0.0012506961822509766,0.00012778038353113217,0.7899555348096179,0.046495520166527145,0.016409600502126923,0.11114458168768421,11,46,3,71,0.23430900107181352,8.156651557389651e-07,0.00028509558619457624,0.7908999964837391,"{'colsample_bylevel': 0.7899555348096179, 'colsample_bytree': 0.046495520166527145, 'gamma': 0.016409600502126923, 'learning_rate': 0.11114458168768421, 'max_delta_step': 11, 'max_depth': 46, 'min_child_weight': 3, 'n_estimators': 71, 'reg_alpha': 0.23430900107181352, 'reg_lambda': 8.156651557389651e-07, 'scale_pos_weight': 0.00028509558619457624, 'subsample': 0.7908999964837391}"
93,-0.0035925719288638636,-0.052586240492190184,-0.008176907216148832,-0.002874546021472524,-0.16204240268658499,-0.04485168597905272,0.06008533650643411,1,0.007808876037597656,0.0033953519723400206,0.0014122486114501952,0.0001384143039402621,0.7145056661831626,0.01,4.73000560273113e-05,0.10903006211423738,8,46,3,95,3.2219063593209213e-07,1.3948483481323526,499.99999999999994,0.7279862408003704,"{'colsample_bylevel': 0.7145056661831626, 'colsample_bytree': 0.01, 'gamma': 4.73000560273113e-05, 'learning_rate': 0.10903006211423738, 'max_delta_step': 8, 'max_depth': 46, 'min_child_weight': 3, 'n_estimators': 95, 'reg_alpha': 3.2219063593209213e-07, 'reg_lambda': 1.3948483481323526, 'scale_pos_weight': 499.99999999999994, 'subsample': 0.7279862408003704}"
94,-0.0007850109186837706,-0.05393095193209185,-0.010392387281994653,-0.00840505727102614,-0.1761300649769879,-0.048768725526900696,0.06484220497025145,1,0.0046633720397949215,0.00026908481493362693,0.001345348358154297,0.00017999351533769644,0.9969404543486325,0.01,0.1479621148597506,0.10894143398773565,16,46,3,58,0.876537824182355,0.002021900533554002,346.1784648052459,0.7443439874890325,"{'colsample_bylevel': 0.9969404543486325, 'colsample_bytree': 0.01, 'gamma': 0.1479621148597506, 'learning_rate': 0.10894143398773565, 'max_delta_step': 16, 'max_depth': 46, 'min_child_weight': 3, 'n_estimators': 58, 'reg_alpha': 0.876537824182355, 'reg_lambda': 0.002021900533554002, 'scale_pos_weight': 346.1784648052459, 'subsample': 0.7443439874890325}"
95,-0.004785773608218635,-0.05602167869822261,-0.010093584157417457,-0.007940263801639036,-0.18514546039483282,-0.051598845009705296,0.06778051398663475,1,0.007376670837402344,0.0032066512115923643,0.0012943744659423828,0.00016643010384434707,0.9860861965420793,0.01,0.017152506038143226,0.10854457415201536,14,46,3,93,7.28297231822423e-06,0.02430809129125665,0.006692098603013377,0.8116387174597796,"{'colsample_bylevel': 0.9860861965420793, 'colsample_bytree': 0.01, 'gamma': 0.017152506038143226, 'learning_rate': 0.10854457415201536, 'max_delta_step': 14, 'max_depth': 46, 'min_child_weight': 3, 'n_estimators': 93, 'reg_alpha': 7.28297231822423e-06, 'reg_lambda': 0.02430809129125665, 'scale_pos_weight': 0.006692098603013377, 'subsample': 0.8116387174597796}"
96,-0.006727650635985238,-0.06931363845950078,-0.017291656643241282,-0.0046688215939081346,-0.15551373279786107,-0.04989794448720107,0.056660773550675114,1,0.005533647537231445,0.00015569856991598654,0.0012664318084716797,0.00014660570712622325,0.41761892482523094,0.02129623213461897,0.033304660560749384,0.11223616911448193,3,46,3,87,1.0,5.927283082731841e-08,0.0005857689357082338,0.8250976296894379,"{'colsample_bylevel': 0.41761892482523094, 'colsample_bytree': 0.02129623213461897, 'gamma': 0.033304660560749384, 'learning_rate': 0.11223616911448193, 'max_delta_step': 3, 'max_depth': 46, 'min_child_weight': 3, 'n_estimators': 87, 'reg_alpha': 1.0, 'reg_lambda': 5.927283082731841e-08, 'scale_pos_weight': 0.0005857689357082338, 'subsample': 0.8250976296894379}"
97,-0.0031222433277060535,-0.06278759066937645,-0.013313057085799551,-0.005400988515247285,-0.18139342970068717,-0.052102263305017986,0.06670609461628753,1,0.004229068756103516,4.716953573069961e-05,0.001227426528930664,0.00013723713060090082,1.0,0.01,0.038791249077142716,0.10919638447144939,10,46,3,56,0.31183394328626024,0.006793111341439712,0.005170345786495821,0.8163580855664616,"{'colsample_bylevel': 1.0, 'colsample_bytree': 0.01, 'gamma': 0.038791249077142716, 'learning_rate': 0.10919638447144939, 'max_delta_step': 10, 'max_depth': 46, 'min_child_weight': 3, 'n_estimators': 56, 'reg_alpha': 0.31183394328626024, 'reg_lambda': 0.006793111341439712, 'scale_pos_weight': 0.005170345786495821, 'subsample': 0.8163580855664616}"
98,-0.004087411767104365,-0.05986984420723851,-0.012749447264651213,-0.0020555111330946563,-0.1748405387667442,-0.049686921194282946,0.06455976008715604,1,0.006456565856933594,0.0004320215546739969,0.0014080524444580079,0.00012302504028933827,0.305786015881512,0.01,1.43893951158195e-08,0.10946993909140201,0,46,3,100,2.329021640727542e-08,4.695028204729223e-08,166.18242504689067,0.6524645369916107,"{'colsample_bylevel': 0.305786015881512, 'colsample_bytree': 0.01, 'gamma': 1.43893951158195e-08, 'learning_rate': 0.10946993909140201, 'max_delta_step': 0, 'max_depth': 46, 'min_child_weight': 3, 'n_estimators': 100, 'reg_alpha': 2.329021640727542e-08, 'reg_lambda': 4.695028204729223e-08, 'scale_pos_weight': 166.18242504689067, 'subsample': 0.6524645369916107}"
99,-0.0063972200872262075,-0.06864189784747454,-0.013887105690619793,-0.005983757346903484,-0.17083328191393532,-0.052182628822350016,0.062425710269389166,1,0.0061413288116455075,0.000447603857923739,0.0013373374938964843,0.00015709533153867916,1.0,0.01,0.1033046433107437,0.10937003522925424,17,46,3,93,2.8235110046973944e-05,9.662973363952595e-05,3.202297795409194e-06,1.0,"{'colsample_bylevel': 1.0, 'colsample_bytree': 0.01, 'gamma': 0.1033046433107437, 'learning_rate': 0.10937003522925424, 'max_delta_step': 17, 'max_depth': 46, 'min_child_weight': 3, 'n_estimators': 93, 'reg_alpha': 2.8235110046973944e-05, 'reg_lambda': 9.662973363952595e-05, 'scale_pos_weight': 3.202297795409194e-06, 'subsample': 1.0}"
